StreetPostcode,ReplacedPipes,BuiltAfter1970,Easting,Northing,WOAName,Region,CensusHouseholdCount2011,UrbanRural,Phosphorus,LeadMeasurement,BuildYear,MeanHouseAge,MedianHouseAge,BuildYearRounded,LeadPresence,TotalPoints,LeadProportion
AB314FJ,0,1,369731,796905,Invercannie WOA,DON,10,3,0,0.2,2009.2,9.8,10,2009,0,1,0
AB315ED,0,1,379127,798871,Invercannie WOA,DON,13,6,0,0.2,1998.692308,20.30769231,20,1999,0,2,0
AB315ZX,0,1,370680,796726,Invercannie WOA,DON,16,3,0,0.2,2002.055556,16.94444444,17,2002,0,2,0
AB345BG,0,1,359013,799608,Invercannie WOA,DON,14,7,0,0.2,1999,20,20,1999,0,2,0
AB379EX,1,0.5,317040,818516,Blairnamarrow WOA,DON,49,7,0,5.223529412,1947.4,71.6,37,1947,16,17,0.941176471
AB379HA,1,0.25,316668,819019,Blairnamarrow WOA,DON,39,7,0,4.183333333,1914.416667,104.5833333,139,1914,2,6,0.333333333
AB379HU,0,0.533333333,316828,818959,Blairnamarrow WOA,DON,29,7,0,0.7,1983,36,20,1983,1,3,0.333333333
AB387BP,0,1,327835,849303,Spey Badentinan WOA,DON,12,6,1183.960784,0.2,1997.444444,21.55555556,22,1997,0,2,0
AB387QP,0,0.8,322103,841511,Spey Badentinan WOA,DON,40,7,1183.960784,0.2,1981.333333,37.66666667,14,1981,0,4,0
AB392XZ,0,1,385918,786840,Invercannie WOA,DON,20,2,0,0.2,2000.5,18.5,18,2000,0,2,0
AB421UF,0,1,413268,846539,Forehill WOA,DON,20,2,0,0.2,2001,18,18,2001,0,3,0
AB422PR,0,1,411968,844423,Forehill WOA,DON,18,2,0,0.2,1998.272727,20.72727273,21,1998,0,3,0
AB544HD,0,0.272727273,349886,827148,Inver-Mann-Turriff WOA,DON,19,7,696.9215686,11.75,1907.818182,111.1818182,149,1908,3,6,0.5
AB565QR,0,0,339884,864330,Spey Badentinan WOA,DON,42,6,1183.960784,1.18,1880.428571,138.5714286,139,1880,3,5,0.6
DD24SB,0,0,335528,731646,Clatto WOA,TAY,10,1,1243.18,0.2,1950,69,69,1950,0,1,0
DD36UB,0,1,340089,731004,Clatto WOA,TAY,15,1,1243.18,3,1996,23,23,1996,1,2,0.5
DD38LB,0,0,339902,732519,Clatto WOA,TAY,10,1,1243.18,4.3,1936.538462,82.46153846,82,1937,1,1,1
DD39UB,0,1,337159,733864,Clatto WOA,TAY,10,1,1243.18,0.2,1997,22,22,1997,0,1,0
DD47HW,0,0,342079,731582,Clatto WOA,TAY,20,1,1243.18,0.2,1934.526316,84.47368421,85,1935,0,2,0
DD54HS,0,0.8,349005,733006,Clatto WOA,TAY,6,1,1243.18,0.2,1971.4,47.6,41.5,1971,0,1,0
DD81BZ,0,0,345182,750509,Lintrathen WOA,TAY,10,2,1003.84,0.2,1929,90,90,1929,0,1,0
DD84EE,0,1,338662,760131,Whitehillocks WOA,TAY,10,6,1342.68,0.2,1997,22,22,1997,0,1,0
DD97RR,0,0,351612,763826,Whitehillocks WOA,TAY,9,6,1342.68,0.2,1948.6,70.4,70,1949,0,1,0
DD97TF,0,0.4,360191,768547,Whitehillocks WOA,TAY,10,6,1342.68,0.2,1940.8,78.2,119,1941,0,1,0
DG109EB,0,0,308572,605160,Moffat WOA,NITH,13,7,904.34,2.233333333,1864,155,119,1864,3,3,1
DG109HB,0,0.454545455,308297,605144,Moffat WOA,NITH,9,7,904.34,0.2,1939.909091,79.09090909,119,1940,0,2,0
DG109HD,0,0,308438,605228,Moffat WOA,NITH,13,7,904.34,0.333333333,1884.588235,134.4117647,119,1885,0,3,0
DG109HT,1,0.1875,308491,605516,Moffat WOA,NITH,14,7,904.34,0.2,1920.625,98.375,119,1921,0,2,0
DG109JX,1,0.173913043,309225,605493,Moffat WOA,NITH,22,7,904.34,4.2,1943.782609,75.2173913,58,1944,2,3,0.666666667
DG111NF,0,1,308395,582382,Black Esk WOA,NITH,10,6,734.2745098,0.2,1991.8,27.2,27,1992,0,1,0
DG111RP,1,0.1,305941,581788,Black Esk WOA,NITH,10,6,734.2745098,0.3,1889.1,129.9,119,1889,0,1,0
DG11BT,0,0,297244,576288,Killylour & Terregles WOA,NITH,15,2,502.7272727,3.65,1960,59,59,1960,1,2,0.5
DG11LP,0,0,297397,576482,Killylour & Terregles WOA,NITH,10,2,502.7272727,4.3,1878.181818,140.8181818,139,1878,2,2,1
DG11SW,0,0.75,297469,581292,Kettleton WOA,NITH,16,6,293.98,0.2,1973.9375,45.0625,37,1974,0,2,0
DG11TE,0,0.142857143,296038,584212,Kettleton WOA,NITH,15,6,293.98,1.5,1883.785714,135.2142857,154,1884,2,2,1
DG11TG,0,0,294236,584252,Kettleton WOA,NITH,7,6,293.98,0.3,1850,169,169,1850,0,1,0
DG125DX,0,0,319581,567101,Black Esk WOA,NITH,9,3,734.2745098,0.2,1879.166667,139.8333333,139,1879,0,1,0
DG125EG,0,0,319690,567288,Black Esk WOA,NITH,10,3,734.2745098,0.5,1953.2,65.8,64,1953,0,1,0
DG13BA,0,0,298235,576623,Killylour & Terregles WOA,NITH,19,2,502.7272727,0.35,1875.5,143.5,144,1876,0,3,0
DG13BL,0,0,298382,576566,Killylour & Terregles WOA,NITH,28,2,502.7272727,2.3,1894.75,124.25,115,1895,2,3,0.666666667
DG13BP,1,0.166666667,298762,576532,Killylour & Terregles WOA,NITH,11,6,502.7272727,0.2,1871.416667,147.5833333,169,1871,0,2,0
DG13HH,0,0,299035,576208,LF & Terregles & Killylour WOA,NITH,12,2,502.7272727,0.35,1966.416667,52.58333333,53,1966,0,2,0
DG13HQ,0,0,299172,576154,LF & Terregles & Killylour WOA,NITH,10,2,502.7272727,0.2,1965.5,53.5,53.5,1966,0,1,0
DG13HR,0,0.555555556,299225,576208,LF & Terregles & Killylour WOA,NITH,18,2,502.7272727,0.2,1970.611111,48.38888889,48,1971,0,2,0
DG13RZ,0,1,299337,579185,Black Esk WOA,NITH,18,3,734.2745098,0.2,1986,33,33,1986,0,2,0
DG14EA,0,1,299408,575261,LF & Terregles & Killylour WOA,NITH,19,2,502.7272727,0.3,1973.473684,45.52631579,46,1973,0,2,0
DG14PA,0,1,299384,575755,LF & Terregles & Killylour WOA,NITH,43,2,502.7272727,0.68,1977.311111,41.68888889,42,1977,2,5,0.4
DG165AW,0,0.785714286,331612,567154,Black Esk & Winterhope WOA,NITH,28,3,734.2745098,0.2,1970.714286,48.28571429,46,1971,0,3,0
DG165BG,0,1,331856,566735,Black Esk & Winterhope WOA,NITH,12,3,734.2745098,0.2,1982.75,36.25,36,1983,0,2,0
DG165ED,1,0,332290,568364,Black Esk WOA,NITH,18,6,734.2745098,0.2,1954.5,64.5,64,1954,0,2,0
DG165HX,0,1,331647,567058,Black Esk & Winterhope WOA,NITH,18,3,734.2745098,0.2,1988.105263,30.89473684,31,1988,0,2,0
DG165JW,0,1,331411,566871,Black Esk & Winterhope WOA,NITH,10,3,734.2745098,0.2,1992.3,26.7,26,1992,0,1,0
DG20JN,1,0.058823529,286807,581124,Killylour WOA,NITH,17,6,829.6132766,2.6,1933.235294,85.76470588,83,1933,2,5,0.4
DG28AJ,0,0.2,292598,557116,Cargen Borehole WOA,NITH,8,6,50.25490196,0.3,1891.4,127.6,131.5,1891,0,2,0
DG28PF,1,0.090909091,289516,569264,Cargen Borehole WOA,NITH,9,6,50.25490196,0.3,1869,150,169,1869,0,1,0
DG29BS,1,0,296533,576402,Killylour & Terregles WOA,NITH,26,2,502.7272727,26.44,1950.153846,68.84615385,69,1950,5,5,1
DG29BU,0,0,296479,576478,Killylour & Terregles WOA,NITH,9,2,502.7272727,0.2,1950.4,68.6,69,1950,0,1,0
DG29DL,1,0.071428571,296230,575865,Killylour & Terregles WOA,NITH,28,2,502.7272727,11.9,1919,100,119,1919,3,3,1
DG29HG,0,1,295545,576578,Killylour & Terregles WOA,NITH,10,2,502.7272727,0.2,1995.8,23.2,23,1996,0,1,0
DG29SJ,0,0.1,288391,575883,Killylour WOA,NITH,10,6,1186.702128,0.2,1905.9,113.1,131.5,1906,0,1,0
DG29SL,0,0.083333333,287060,575933,Killylour WOA,NITH,21,6,1186.702128,2.133333333,1874.416667,144.5833333,169,1874,2,3,0.666666667
DG29SN,0,0,287020,575889,Killylour WOA,NITH,13,6,1186.702128,0.25,1952.571429,66.42857143,67,1953,0,6,0
DG29SQ,0,0.142857143,287678,577671,Killylour WOA,NITH,17,6,1186.702128,1.46,1859.714286,159.2857143,169,1860,2,5,0.4
DG29TX,0,0.1,287293,579970,Killylour WOA,NITH,10,6,1186.702128,0.25,1902.2,116.8,114.5,1902,0,2,0
DG35BJ,0,0,289419,603706,Kettleton WOA,NITH,7,7,293.98,0.2,1800,219,219,1800,0,1,0
DG35HZ,0,0.8,289554,592311,Kettleton WOA,NITH,10,6,293.98,0.2,1989.4,29.6,22,1989,0,1,0
DG35NL,0,0,287698,595398,Kettleton WOA,NITH,14,6,293.98,0.25,1870.6875,148.3125,131,1871,0,2,0
DG46BD,0,1,278118,609681,Afton South Region WOA,NITH,9,7,727.3673469,0.2,1975.1,43.9,44,1975,0,1,0
DG54PR,0,0.75,285571,553473,Lochinvar WOA,NITH,9,7,658.2040816,0.5,1985.1875,33.8125,36,1985,0,1,0
DG54QL,0,0.5,285504,553183,Cargen Borehole WOA,NITH,5,7,50.25490196,0.6,1951.5625,67.4375,48,1952,0,1,0
DG54QW,0,0.21875,285168,555576,Lochinvar WOA,NITH,29,7,506.2167867,0.225,1930.09375,88.90625,119,1930,0,4,0
DG64DR,0,0.916666667,268605,551348,Glengap & Ringford WOA,NITH,10,4,374.56,0.2,1970.333333,48.66666667,45,1970,0,2,0
DG64EH,0,0,268706,551290,Glengap & Ringford WOA,NITH,18,4,374.56,0.25,1851.777778,167.2222222,169,1852,0,2,0
DG64EU,0,0.363636364,269111,551809,Glengap & Ringford WOA,NITH,9,4,374.56,0.3,1948.181818,70.81818182,66,1948,0,2,0
DG64HL,0,1,269273,552209,Glengap & Ringford WOA,NITH,14,4,374.56,0.2,1980.133333,38.86666667,40,1980,0,2,0
DG64LE,0,1,267923,550428,Glengap & Ringford WOA,NITH,21,4,374.56,0.2,1979.9375,39.0625,40,1980,0,3,0
DG71DQ,1,0.071428571,276199,562190,Lochinvar WOA,NITH,14,4,658.2040816,19.15,1861.214286,157.7857143,169,1861,2,2,1
DG71DT,0,0,276297,562135,Lochinvar WOA,NITH,9,4,658.2040816,0.2,1861.5,157.5,159,1862,0,1,0
DG71ER,0,0.052631579,276341,562054,Lochinvar WOA,NITH,17,4,658.2040816,1.7,1867.315789,151.6842105,169,1867,1,2,0.5
DG71JY,1,0,276965,562668,Lochinvar WOA,NITH,9,4,658.2040816,0.2,1881,138,139,1881,0,1,0
DG72JB,1,0.071428571,259955,556440,Glengap WOA,NITH,13,7,784.94,1.55,1883.285714,135.7142857,149,1883,1,2,0.5
DG72JT,1,0,259710,556163,Glengap WOA,NITH,23,7,784.94,0.55,1821.64,197.36,219,1822,0,4,0
DG73BY,0,0.076923077,276922,568209,Killylour WOA,NITH,13,6,1186.702128,0.25,1894.769231,124.2307692,129,1895,0,2,0
DG73HE,0,0.121212121,278761,570329,Killylour WOA,NITH,34,6,1186.702128,4.35,1865.454545,153.5454545,169,1865,2,4,0.5
DG73HG,0,0.2,278663,570225,Killylour WOA,NITH,9,6,1186.702128,0.2,1882.5,136.5,159,1882,0,1,0
DG73HQ,1,0.111111111,278920,570204,Killylour WOA,NITH,44,6,1186.702128,0.22,1851.37037,167.6296296,189,1851,0,5,0
DG73LJ,0,0,280506,569871,Killylour WOA,NITH,37,6,1186.702128,0.241666667,1958.189189,60.81081081,63,1958,0,12,0
DG73TQ,1,0.076923077,256136,593258,Carsphairn WOA,NITH,31,7,0,12.8,1871.076923,147.9230769,159,1871,6,8,0.75
DG73UT,1,0.15,262465,581380,Lochinvar WOA,NITH,16,7,658.2040816,0.3,1871.55,147.45,169,1872,0,2,0
DG80AJ,0,0.148148148,217429,564707,Penwhirn WOA,NITH,20,6,868.9423077,0.3,1881.851852,137.1481481,169,1882,0,2,0
DG80HB,1,0,232847,561071,Penwhirn WOA,NITH,18,7,868.9423077,0.2,1910.105263,108.8947368,61,1910,0,2,0
DG80HE,0,0.916666667,232713,561085,Penwhirn WOA,NITH,12,7,868.9423077,0.2,1968.25,50.75,44.5,1968,0,2,0
DG86BP,0,1,240795,564994,Penwhirn WOA,NITH,20,4,868.9423077,0.2,2003.789474,15.21052632,15,2004,0,2,0
DG86BT,0,0,241111,565455,Penwhirn WOA,NITH,10,4,868.9423077,0.4,1890.909091,128.0909091,119,1891,0,1,0
DG86ES,0,0.333333333,240910,565237,Penwhirn WOA,NITH,21,4,868.9423077,0.2,1951.52381,67.47619048,81,1952,0,3,0
DG86JZ,1,0.153846154,241221,564710,Penwhirn WOA,NITH,12,4,868.9423077,7.25,1932.615385,86.38461538,91,1933,1,2,0.5
DG86LJ,1,0.25,241034,564877,Penwhirn WOA,NITH,27,4,868.9423077,3.775,1907.75,111.25,121,1908,1,4,0.25
DG86RE,0,0,238288,569271,Penwhirn WOA,NITH,10,7,868.9423077,0.2,1962,57,57,1962,0,2,0
DG86UA,0,0.4,241012,565276,Penwhirn WOA,NITH,10,4,868.9423077,0.2,1905.2,113.8,169,1905,0,1,0
DG87AL,0,0.315789474,243440,564935,Penwhirn WOA,NITH,18,7,868.9423077,0.2,1915,104,119,1915,0,9,0
DG87BD,0,0.4,245204,564370,Penwhirn WOA,NITH,15,7,868.9423077,0.2,1968.466667,50.53333333,53,1968,0,3,0
DG87HT,0,0,247480,558912,Penwhirn WOA,NITH,10,7,868.9423077,0.2,1958.4,60.6,59,1958,0,1,0
DG88LG,1,0.12,247846,536441,Penwhirn WOA,NITH,18,7,868.9423077,9.8,1865.08,153.92,169,1865,1,2,0.5
DG88LH,0,0.4,247721,536627,Penwhirn WOA,NITH,15,7,868.9423077,0.7,1957.866667,61.13333333,94,1958,1,3,0.333333333
DG89AB,1,0.064516129,242265,554248,Penwhirn WOA,NITH,30,7,868.9423077,0.366666667,1876,143,142,1876,0,3,0
DG89LJ,0,0.302325581,236069,540935,Penwhirn WOA,NITH,28,7,868.9423077,2.375,1918.023256,100.9767442,92,1918,1,4,0.25
DG89NF,0,0.181818182,236210,549571,Penwhirn WOA,NITH,10,7,868.9423077,0.2,1882.545455,136.4545455,159,1883,0,1,0
DG89NZ,0,0,239577,548762,Penwhirn WOA,NITH,9,7,868.9423077,0.2,1864.545455,154.4545455,169,1865,0,1,0
DG89RD,0,0.272727273,232156,547704,Penwhirn WOA,NITH,18,7,868.9423077,0.3,1886.409091,132.5909091,169,1886,0,3,0
DG90BH,1,0,205035,561078,Auchneel WOA,NITH,12,2,901.1020408,5.1,1950,69,69,1950,2,2,1
DG97PQ,0,0,205962,560374,Auchneel WOA,NITH,10,2,901.1020408,0.2,1953.4,65.6,69,1953,0,1,0
DG97QN,0,0,205953,560209,Auchneel WOA,NITH,12,2,901.1020408,1.666666667,1950.5,68.5,68.5,1950,2,3,0.666666667
DG97QZ,0,1,206151,559428,Penwhirn WOA,NITH,18,2,868.9423077,0.2,1984,35,35,1984,0,2,0
DG97RF,1,0.705882353,205856,560977,Auchneel WOA,NITH,7,2,901.1020408,0.2,1966.941176,52.05882353,10,1967,0,1,0
DG97RR,0,0.363636364,206127,560795,Auchneel WOA,NITH,8,2,901.1020408,0.2,1913.545455,105.4545455,129,1914,0,1,0
DG97SE,0,1,206037,559620,Penwhirn WOA,NITH,11,2,868.9423077,0.2,1983,36,36,1983,0,2,0
DG98HU,1,0.615384615,205470,559805,Penwhirn WOA,NITH,10,6,868.9423077,0.2,1953.153846,65.84615385,25,1953,0,1,0
DG98PP,0,0,214979,557661,Penwhirn WOA,NITH,17,6,868.9423077,0.3,1958.529412,60.47058824,60,1959,0,2,0
DG98RY,0,0.25,210743,559683,Penwhirn WOA,NITH,20,6,868.9423077,0.2,1888.35,130.65,139,1888,0,3,0
DG98SA,1,0.025641026,210582,559809,Penwhirn WOA,NITH,39,6,868.9423077,2.25,1952.74359,66.25641026,68,1953,2,4,0.5
DG98SF,0,1,210564,559974,Penwhirn WOA,NITH,9,6,868.9423077,0.2,1971,48,48,1971,0,1,0
DG99AP,0,1,206724,556835,Penwhirn WOA,NITH,10,6,868.9423077,0.2,1990,29,29,1990,0,2,0
DG99BJ,0,0.090909091,204312,555352,Penwhirn WOA,NITH,10,6,868.9423077,0.2,1874.818182,144.1818182,119,1875,0,1,0
DG99BP,0,0.1,205382,553517,Penwhirn WOA,NITH,10,6,868.9423077,0.2,1883.9,135.1,144,1884,0,3,0
DG99JB,0,0.363636364,209661,550200,Penwhirn WOA,NITH,12,6,868.9423077,0.2,1915.545455,103.4545455,139,1916,0,2,0
DG99NG,0,0.066666667,209694,540486,Penwhirn WOA,NITH,10,6,868.9423077,0.2,1861,158,149,1861,0,1,0
DG99QE,0,0.5,213287,537049,Penwhirn WOA,NITH,9,6,868.9423077,0.2,1943.2,75.8,64,1943,0,1,0
DG99QN,0,0.5,212678,535630,Penwhirn WOA,NITH,10,6,868.9423077,0.2,1931.166667,87.83333333,95.5,1931,0,1,0
EH105NS,0,0,323745,670601,Glencorse WOA,TWEED,16,1,1113.628571,0.65,1934.375,84.625,81,1934,1,2,0.5
EH125JY,0,0,323930,673261,Glencorse WOA,TWEED,9,1,1113.628571,0.6,1913,106,106,1913,0,1,0
EH139LB,0,0,323669,669024,Rosebery (Ed & Lothian) WOA,TWEED,12,1,640.38,0.2,1957,62,63,1957,0,2,0
EH142LE,0,0,321419,670234,Glencorse WOA,TWEED,9,1,1113.628571,7.3,1936.363636,82.63636364,83,1936,1,1,1
EH177EF,0,0,329507,668823,Glencorse WOA,TWEED,10,1,1113.628571,0.2,1967,52,52,1967,0,1,0
EH178HU,0,0,328285,668313,Glencorse WOA,TWEED,10,1,1113.628571,0.2,1963,56,56,1963,0,1,0
EH209JE,0,0,327548,665504,Glencorse WOA,TWEED,10,3,1113.628571,0.2,1951.142857,67.85714286,66,1951,0,1,0
EH209LA,0,0,327875,665678,Glencorse WOA,TWEED,10,3,1113.628571,1,1953,66,66,1953,1,1,1
EH209LG,0,0,327285,665564,Glencorse WOA,TWEED,10,3,1113.628571,0.2,1946,73,74,1946,0,1,0
EH217TJ,0,0.4,334875,671608,Rosebery (Ed & Lothian) WOA,TWEED,10,1,640.38,0.2,1955.7,63.3,49,1956,0,1,0
EH259NJ,0,1,326720,663187,Glencorse WOA,TWEED,10,6,1113.628571,0.2,1971,48,48,1971,0,1,0
EH259RW,0,0.076923077,326334,664946,Glencorse WOA,TWEED,9,3,1113.628571,3.8,1956.307692,62.69230769,64,1956,1,1,1
EH320NU,0,0,343921,676015,Castle Moffat WOA,TWEED,9,6,800.3469388,0.2,1970,49,49,1970,0,1,0
EH320PP,0,0.615384615,342594,675262,Castle Moffat WOA,TWEED,13,6,800.3469388,0.2,1958,61,25,1958,0,2,0
EH332DB,0,0,340642,672442,Rosebery (Ed & Lothian) WOA,TWEED,12,2,640.38,0.2,1954,65,65,1954,0,2,0
EH332HF,0,0,340019,672382,Rosebery (Ed & Lothian) WOA,TWEED,13,2,640.38,0.2,1966.428571,52.57142857,53,1966,0,2,0
EH332JB,0,0,340346,672353,Rosebery (Ed & Lothian) WOA,TWEED,15,2,640.38,0.2,1970,49,49,1970,0,2,0
EH332JJ,0,0,340129,672242,Rosebery (Ed & Lothian) WOA,TWEED,10,2,640.38,0.2,1970,49,49,1970,0,1,0
EH345EJ,0,0.277777778,346078,667349,Hopes WOA,TWEED,16,6,755.2045455,0.2,1918.277778,100.7222222,106,1918,0,2,0
EH345HF,0,1,345270,668928,Rosebery (Ed & Lothian) WOA,TWEED,47,6,640.38,0.2,1991.9375,27.0625,28,1992,0,5,0
EH345HG,0,1,347694,667802,Hopes WOA,TWEED,20,6,755.2045455,0.25,1991,28,28,1991,0,2,0
EH414JG,0,0.6,353676,666626,Hopes WOA,TWEED,8,6,755.2045455,0.2,1947.6,71.4,48,1948,0,1,0
EH414QH,0,0.3,353411,668062,Hopes WOA,TWEED,8,6,755.2045455,0.5,1925.8,93.2,106,1926,0,1,0
EH421GN,0,1,367710,677822,Castle Moffat WOA,TWEED,10,4,800.3469388,0.2,2003,16,16,2003,0,1,0
EH421HR,0,0,367974,679197,Castle Moffat WOA,TWEED,10,4,800.3469388,0.3,1951,68,68,1951,0,1,0
EH421RH,0,0,365662,674861,Castle Moffat WOA,TWEED,8,7,800.3469388,0.2,1870.214286,148.7857143,169,1870,0,1,0
EH42HA,0,0,323031,674354,Glencorse WOA,TWEED,10,1,1113.628571,0.2,1930,89,89,1930,0,1,0
EH42TX,0,0.9,322322,675610,Marchbank WOA,TWEED,9,1,585.82,0.2,1972.6,46.4,45,1973,0,1,0
EH44RP,0,1,321446,675963,Marchbank WOA,TWEED,9,1,585.82,0.2,1998.714286,20.28571429,21,1999,0,1,0
EH459NA,0,1,324516,640049,Bonnycraig (Peebles) WOA,TWEED,43,3,590.74,1.32,1998.931818,20.06818182,20,1999,2,5,0.4
EH459ND,0,1,324455,640064,Bonnycraig (Peebles) WOA,TWEED,10,3,590.74,0.2,1999,20,20,1999,0,1,0
EH45AH,0,0,321079,675436,Glencorse WOA,TWEED,10,1,1113.628571,3.6,1924,95,95,1924,1,1,1
EH479DH,0,0,292528,660215,Pateshill WOA,TWEED,10,3,562.64,0.2,1958,61,61,1958,0,1,0
EH47QQ,0,0.333333333,319147,674832,Marchbank WOA,TWEED,10,1,585.82,2.3,1951,68,89,1951,1,1,1
EH483PG,0,0,293642,668908,Balmore South Region Tweed WOA,TWEED,17,2,855.1041667,5.05,1951.941176,67.05882353,68,1952,1,2,0.5
EH496ED,0,0,299150,676309,Balmore South Region Tweed WOA,TWEED,18,2,855.1041667,0.2,1953.333333,65.66666667,65,1953,0,2,0
EH496NU,0,0,304134,675555,Balmore South Region Tweed WOA,TWEED,13,6,855.1041667,0.2,1938,81,81,1938,0,2,0
EH89BH,0,0,326037,673210,Glencorse WOA,TWEED,10,1,1113.628571,17,1913,106,106,1913,1,1,1
EH93AN,0,0,326779,671022,Glencorse WOA,TWEED,10,1,1113.628571,0.2,1913,106,106,1913,0,1,0
FK178HT,0,0.782608696,253451,706779,Brig o' Turk WOA,FORTH,47,7,0,2.022222222,1982.869565,36.13043478,30,1983,7,27,0.259259259
FK188NF,0,1,255944,717531,Strathyre WOA,FORTH,10,7,0,0.2,1984,35,34,1984,0,1,0
FK188NG,0,0,255837,716670,Strathyre WOA,FORTH,12,7,0,0.2,1950,69,69,1950,0,2,0
FK188NL,0,1,256024,717036,Strathyre WOA,FORTH,20,7,0,0.35,1993,26,26,1993,1,14,0.071428571
FK198PB,0,0.714285714,253251,720225,Balquidder WOA,FORTH,25,7,0,0.2,1978.142857,40.85714286,36,1978,0,7,0
FK198PD,0,1,258806,723887,Lochearnhead WOA,FORTH,27,7,0,0.346153846,2001.136364,17.86363636,18,2001,1,13,0.076923077
FK198PN,0,1,259677,723915,Lochearnhead WOA,FORTH,13,7,0,0.616666667,1996.5,22.5,22,1996,1,6,0.166666667
FK198PX,0,0.705882353,258788,723379,Lochearnhead WOA,FORTH,19,7,0,1.25,1973.705882,45.29411765,41,1974,1,2,0.5
FK198QG,0,1,259375,723872,Lochearnhead WOA,FORTH,15,7,0,0.21,1983.5625,35.4375,39,1984,0,10,0
FK208RQ,0,1,232977,730497,Tyndrum WOA,FORTH,32,7,0,0.375,1997.5,21.5,21.5,1998,1,20,0.05
FK208RR,0,0,238290,725408,Crianlarich WOA,FORTH,10,7,0,0.2,1969,50,50,1969,0,9,0
FK208RY,1,0.666666667,232949,730370,Tyndrum WOA,FORTH,14,7,0,3.975,1968,51,45,1968,2,4,0.5
FK218SU,0,0.733333333,264527,735108,Ardeonaig WOA,FORTH,11,8,0,0.2,1972.8,46.2,43,1973,0,7,0
FK218TE,0,0.666666667,257435,733019,Killin WOA,FORTH,17,8,0,0.2,1977.066667,41.93333333,20,1977,0,2,0
FK218TQ,0,0,257375,732898,Killin WOA,FORTH,17,8,0,1.7,1953.6,65.4,67,1954,1,4,0.25
FK27TS,0,0,289245,682132,Carron Valley WOA,FORTH,9,2,885.8910891,0.2,1959.4,59.6,60,1959,0,1,0
FK38RL,0,0,292571,680039,C V & Turret & Balmore WOA,FORTH,10,2,885.8910891,0.2,1952.4,66.6,67,1952,0,1,0
FK38RU,0,0,292649,680425,C V & Turret & Balmore WOA,FORTH,10,2,885.8910891,0.2,1951.4,67.6,67,1951,0,1,0
FK79DA,0,0,279059,691017,Turret West Region WOA,FORTH,16,2,461,0.2,1955,64,64,1955,0,2,0
FK94QQ,0,1,279060,697872,Turret West Region WOA,FORTH,18,2,461,0.85,1984.210526,34.78947368,36,1984,1,2,0.5
G639DL,0,0,256014,679253,Balmore West Region WOA,FORTH,14,6,855.1041667,0.2,1962.066667,56.93333333,58,1962,0,2,0
G838HJ,0,1,240180,681827,Blairlinnans WOA,FORTH,10,2,442.8367347,0.2,2011,8,8,2011,0,1,0
IV308GY,0,0.7,321304,857538,Glenlatterach WOA,DON,22,6,1862.542857,0.2,1968.4,50.6,22,1968,0,7,0
IV308TZ,1,0.8,315358,857234,Glenlatterach WOA,DON,39,6,1862.542857,0.225,1982.4,36.6,16,1982,0,4,0
IV316DP,1,0.181818182,323411,870451,Spey Badentinan WOA,DON,48,3,1183.960784,1.728571429,1902.272727,116.7272727,129,1902,3,7,0.428571429
KA278FD,0,1,202492,642293,Corrie Membrane WOA,AYR,2,8,0,0.2,2010.75,8.25,8,2011,0,1,0
KW151BA,0,0.444444444,344337,1010463,Kirbister & Boardhouse WOA,DON,17,5,0,0.25,1958.888889,60.11111111,50,1959,0,2,0
KW151DH,0,1,344866,1010892,Kirbister & Boardhouse WOA,DON,4,5,0,0.2,1991.545455,27.45454545,27,1992,0,1,0
KW151HP,0,0.444444444,345022,1011114,Kirbister & Boardhouse WOA,DON,9,5,0,0.233333333,1925.333333,93.66666667,119,1925,0,3,0
KW151JT,0,1,345750,1010765,Kirbister & Boardhouse WOA,DON,18,5,0,0.6,1978.5,40.5,42,1978,1,2,0.5
KW151SS,0,0.916666667,346317,1008379,Kirbister & Boardhouse WOA,DON,9,8,0,0.2,1988.25,30.75,30,1988,0,1,0
KW151UA,0,0.3,343721,1011538,Kirbister & Boardhouse WOA,DON,9,5,0,0.3,1971.7,47.3,55.5,1972,0,1,0
KW151XF,0,1,345830,1010226,Kirbister & Boardhouse WOA,DON,10,5,0,1.5,1977,42,42,1977,1,1,1
KW163DF,0,0.5,325265,1008648,Boardhouse WOA,DON,32,8,0,0.24,1928.2,90.8,48,1928,0,5,0
KW163EB,0,1,325307,1008794,Boardhouse WOA,DON,10,8,0,0.2,1973.181818,45.81818182,46,1973,0,1,0
KW163LY,0,0.583333333,324498,1020331,Boardhouse WOA,DON,9,8,0,0.2,1965.75,53.25,40.5,1966,0,2,0
KW163NG,0,0.4,325871,1005879,North Hoy WOA,DON,14,8,0,0.3,1936.933333,82.06666667,112,1937,0,2,0
KW163NJ,0,0.615384615,323476,1003499,North Hoy WOA,DON,25,8,0,0.7,1945.307692,73.69230769,37,1945,0,3,0
KW163NU,0,0.4,330183,995559,South Hoy WOA,DON,10,8,1204.408163,0.2,1920.8,98.2,119,1921,0,1,0
KW163NX,0,0.388888889,330698,992818,South Hoy WOA,DON,9,8,1204.408163,0.2,1937.944444,81.05555556,79,1938,0,2,0
KW163PG,0,0.409090909,330741,990790,South Hoy WOA,DON,19,8,1204.408163,0.25,1946.227273,72.77272727,75.5,1946,0,4,0
KW163PQ,0,0.567567568,333021,990921,South Hoy WOA,DON,34,8,1204.408163,0.22,1950.918919,68.08108108,36,1951,0,5,0
KW172AA,1,0.488372093,356219,1030832,Eday WOA,DON,41,8,0,0.683333333,1950.488372,68.51162791,56,1950,0,6,0
KW172AB,0,0.6,356905,1036557,Eday WOA,DON,44,8,0,0.753846154,1954.28,64.72,34,1954,2,13,0.153846154
KW172AJ,0,0.380952381,366010,1023198,Stronsay WOA,DON,16,8,0,2.2,1936.619048,82.38095238,75,1937,2,2,1
KW172AN,1,0.608695652,362401,1023912,Stronsay WOA,DON,18,8,0,5.8,1951.956522,67.04347826,40,1952,2,6,0.333333333
KW172AZ,0,0.529411765,367016,1044156,Sanday WOA,DON,43,8,0,0.4,1947.980392,71.01960784,47,1948,0,11,0
KW172BA,0,0.541666667,362433,1038056,Sanday WOA,DON,36,8,0,0.3,1945.791667,73.20833333,42.5,1946,0,8,0
KW172BE,0,0.458333333,375851,1053117,North Ronaldsay WOA,DON,18,8,0,1.375,1944.875,74.125,56.5,1945,2,4,0.5
KW172BJ,0,0.666666667,365909,1038686,Sanday WOA,DON,12,8,0,0.2,1962.266667,56.73333333,29,1962,0,2,0
KW172BP,0,0.529411765,374016,1044173,Sanday WOA,DON,44,8,0,0.24,1939.333333,79.66666667,47,1939,0,5,0
KW172BW,0,0.538461538,369065,1041143,Sanday WOA,DON,24,8,0,0.2875,1947.423077,71.57692308,45,1947,0,8,0
KW172BZ,0,0.529411765,343810,1048105,Westray WOA,DON,19,8,0,1.5,1951.941176,67.05882353,48,1952,2,4,0.5
KW172DB,0,0.590909091,345694,1046913,Westray WOA,DON,19,8,0,2.25,1936.363636,82.63636364,44.5,1936,3,6,0.5
KW172DE,0,0.709677419,350463,1041012,Westray WOA,DON,20,8,0,0.96,1977.193548,41.80645161,30,1977,1,5,0.2
KW172DJ,0,1,343675,1048744,Westray WOA,DON,20,8,0,0.4,1974.9,44.1,48,1975,0,2,0
KW172DN,0,0.742857143,344745,1050385,Westray WOA,DON,34,8,0,0.4,1968.942857,50.05714286,37,1969,0,7,0
KW172DP,0,0.352941176,344443,1045289,Westray WOA,DON,13,8,0,0.55,1939.352941,79.64705882,59,1939,0,2,0
KW172DU,0,1,348363,1017077,Kirbister & Boardhouse WOA,DON,12,8,0,1.25,1997.333333,21.66666667,24,1997,2,2,1
KW172DW,0,0.538461538,342924,1048340,Westray WOA,DON,34,8,0,1.35,1959.948718,59.05128205,45,1960,2,4,0.5
KW172DX,0,0.454545455,347909,1016486,Kirbister & Boardhouse WOA,DON,9,8,0,0.7,1931.818182,87.18181818,51,1932,0,1,0
KW172DY,0,0.666666667,348322,1017536,Kirbister & Boardhouse WOA,DON,27,8,0,1.116666667,1956.851852,62.14814815,41,1957,4,7,0.571428571
KW172HR,0,0.545454545,328504,1022931,Boardhouse WOA,DON,16,8,0,0.45,1968.818182,50.18181818,45,1969,0,2,0
KW172JA,0,0.75,329930,1020167,Boardhouse WOA,DON,15,8,0,0.2,1980,39,40.5,1980,0,2,0
KW172JH,0,0.576923077,326439,1022392,Boardhouse WOA,DON,25,8,0,0.475,1969.615385,49.38461538,37,1970,0,4,0
KW172JQ,0,0.722222222,327847,1020988,Boardhouse WOA,DON,15,8,0,0.2,1958.888889,60.11111111,35,1959,0,2,0
KW172JR,0,0.674418605,332528,1016799,Boardhouse WOA,DON,36,8,0,0.325,1969.976744,49.02325581,36,1970,0,5,0
KW172JU,0,0.578947368,333645,1015221,Boardhouse WOA,DON,20,8,0,0.45,1967.210526,51.78947368,46,1967,0,2,0
KW172LF,0,0.6,330020,1019258,Boardhouse WOA,DON,8,8,0,1.1,1961.1,57.9,41.5,1961,1,1,1
KW172NS,0,0.6,328411,1028774,Boardhouse WOA,DON,9,8,0,0.2,1977.7,41.3,36,1978,0,1,0
KW172PR,0,0.558139535,343834,1031120,Rousay School WOA,DON,34,8,0,0.98,1955.27907,63.72093023,45,1955,3,5,0.6
KY138AD,0,1,311135,703242,Glenfarg WOA,TAY,10,3,1156.446809,0.2,1987.3,31.7,32,1987,0,1,0
KY138BT,0,1,311290,702853,Glenfarg WOA,TAY,11,3,1156.446809,0.2,1982.166667,36.83333333,37,1982,0,2,0
KY138QX,0,1,311436,702888,Glenfarg WOA,TAY,10,3,1156.446809,0.2,1979.3,39.7,40,1979,0,1,0
ML12FA,0,1,277024,655779,Daer & Coulter WOA,NITH,6,2,435.8571429,0.2,2011.15,7.85,7,2011,0,1,0
PA248AA,0,0.8,219881,701534,Lochgoilhead WOA,FORTH,30,7,557.7,0.2,1977,42,24,1977,0,9,0
PA318QN,0,0.647058824,180521,704382,Ardfern WOA,FORTH,69,8,0,0.65483871,1951.794118,67.20588235,29,1952,3,31,0.096774194
PA331AA,0,0.5,215979,727207,Dalmally WOA,FORTH,21,8,0,0.2,1939.833333,79.16666667,38.5,1940,0,3,0
PA331AS,0,0.4,215761,727931,Dalmally WOA,FORTH,23,8,0,0.214285714,1907.8,111.2,139,1908,0,7,0
PA331BQ,0,0.363636364,210349,722579,Cladich WOA,FORTH,16,8,0,0.2,1876.090909,142.9090909,219,1876,0,5,0
PA344XF,0,1,184695,712744,Kilmelford WOA,FORTH,30,8,0,1.171428571,2007.222222,11.77777778,9,2007,1,7,0.142857143
PA345UG,0,0.466666667,184547,741342,Lismore Primary WOA,FORTH,23,8,0,1.666666667,1928.266667,90.73333333,49,1928,3,3,1
PA351HT,0,0.333333333,203293,729650,Taynuilt WOA,FORTH,13,8,0,0.3,1960.166667,58.83333333,54,1960,0,2,0
PA351HY,0,0.416666667,199637,730043,Taynuilt WOA,FORTH,47,8,0,4.94,1926.791667,92.20833333,86,1927,1,5,0.2
PA351JE,0,0.727272727,200413,731108,Taynuilt WOA,FORTH,29,8,0,0.75,1963.272727,55.72727273,14,1963,1,4,0.25
PA417AD,0,0.242424242,164267,647851,Gigha WOA,FORTH,30,8,0,0.755555556,1874.121212,144.8787879,219,1874,3,9,0.333333333
PA617YR,0,0.555555556,136658,694889,Colonsay WOA,FORTH,25,8,0,0.625,1948.111111,70.88888889,15.5,1948,2,8,0.25
PA756NU,0,0.8,150626,755335,Tobermory WOA,FORTH,28,8,418.9,0.2,1974.2,44.8,11,1974,0,3,0
PA756QA,0,0.952380952,150351,754546,Tobermory WOA,FORTH,30,8,418.9,0.2,2001,18,13,2001,0,3,0
PA776UE,1,0.2,95948,740445,Tiree WOA,FORTH,14,8,0,0.383333333,1915.6,103.4,119,1916,0,6,0
PA786SY,0,0.6,122393,757120,Arinagour WOA,FORTH,17,8,0,0.5,1955.8,63.2,20,1956,1,4,0.25
PH107JL,0,0.705882353,314129,751637,Kirkmichael WOA,TAY,25,7,0,0.2,1971.823529,47.17647059,29,1972,0,6,0
PH107ND,0,1,307896,759911,Kirkmichael WOA,TAY,10,7,0,0.2,2009,10,10,2009,0,8,0
PH152BS,0,0.266666667,285406,749265,Killiecrankie WOA,TAY,18,7,570.755102,1,1919.866667,99.13333333,126,1920,1,3,0.333333333
PH152HB,0,0.428571429,277778,745135,Kenmore WOA,TAY,13,8,1435.297297,1.4375,1966.642857,52.35714286,79,1967,4,8,0.5
PH152HJ,0,0.375,277480,745604,Kenmore WOA,TAY,15,8,1435.297297,0.2,1970.5625,48.4375,51,1971,0,10,0
PH152HT,0,0.166666667,275656,743812,Kenmore WOA,TAY,9,8,1435.297297,0.2,1960.5,58.5,58,1960,0,2,0
PH152JF,0,0.25,281786,749483,Killiecrankie WOA,TAY,20,8,570.755102,0.25,1878.75,140.25,109,1879,0,2,0
PH15AZ,0,0.928571429,311022,725071,Perth (Gowans Terrace) WOA,TAY,5,2,561.0545455,0.2,2006.857143,12.14285714,8,2007,0,1,0
PH165AY,0,0.769230769,293830,758307,Killiecrankie WOA,TAY,15,7,570.755102,0.2,1964.923077,54.07692308,36,1965,0,2,0
PH165DP,0,0.363636364,294601,758087,Killiecrankie WOA,TAY,11,7,570.755102,0.2,1968.363636,50.63636364,54,1968,0,2,0
PH165ER,0,0.142857143,294446,758992,Killiecrankie WOA,TAY,16,7,570.755102,0.2,1943.285714,75.71428571,81,1943,0,2,0
PH165ET,0,0.611111111,294556,758576,Killiecrankie WOA,TAY,18,7,570.755102,0.2,1970.555556,48.44444444,25,1971,0,2,0
PH165LU,0,1,294744,757502,Killiecrankie WOA,TAY,15,7,570.755102,0.2,1981,38,38,1981,0,5,0
PH165PG,0,1,266425,758809,Kinloch Rannoch WOA,TAY,13,8,1307.75,0.25,1984.230769,34.76923077,38,1984,0,2,0
PH165PY,0,1,266468,758452,Kinloch Rannoch WOA,TAY,18,8,1307.75,0.330769231,1976.176471,42.82352941,44,1976,1,13,0.076923077
PH165PZ,0,0.076923077,266173,758362,Kinloch Rannoch WOA,TAY,12,8,1307.75,1.466666667,1954,65,69,1954,3,3,1
PH27JF,0,0,312676,724365,Perth (Gowans Terrace) WOA,TAY,12,2,561.0545455,0.25,1930,89,89,1930,0,2,0
PH73JH,0,1,286653,721487,Turret East Region WOA,TAY,16,4,0,0.2,1994,25,25,1994,0,2,0
PH80RG,0,1,303085,742080,Perth (Gowans Terrace) WOA,TAY,10,6,561.0545455,0.2,1989.7,29.3,30,1990,0,1,0
TD113NN,0,1,376746,653394,Rawburn WOA,TWEED,12,7,597.2653061,0.2,2004.7,14.3,14.5,2005,0,3,0
ZE10DT,0,0.1,447574,1141244,Sandy Loch WOA,DON,9,5,0,0.2,1954.4,64.6,54,1954,0,2,0
ZE10NW,0,1,447000,1141270,Sandy Loch WOA,DON,10,5,0,0.2,2000,19,19,2000,0,1,0
ZE10TR,0,0.571428571,440288,1139452,Sandy Loch WOA,DON,39,8,0,0.2,1947.514286,71.48571429,29,1948,0,4,0
ZE10XA,0,0.043478261,440057,1139549,Sandy Loch WOA,DON,22,8,0,0.225,1927.391304,91.60869565,89,1927,0,4,0
ZE10XD,1,0.6,439876,1139432,Sandy Loch WOA,DON,27,8,0,0.5,1967.45,51.55,44.5,1967,1,3,0.333333333
ZE29AX,0,0.894736842,453310,1186837,Yell WOA,DON,26,8,0,0.225,1976.421053,42.57894737,39,1976,0,4,0
ZE29AZ,0,0,452013,1179470,Yell WOA,DON,18,8,0,0.25,1951,68,68,1951,0,2,0
ZE29BD,0,0.842105263,446413,1180084,Yell WOA,DON,15,8,0,0.28,1974.210526,44.78947368,37,1974,0,5,0
ZE29BG,0,0.7,445677,1182697,Yell WOA,DON,17,8,0,0.205882353,1963.6,55.4,32.5,1964,0,18,0
ZE29BJ,0,0.611111111,450657,1190977,Yell WOA,DON,19,8,0,0.8,1965.166667,53.83333333,39.5,1965,1,6,0.166666667
ZE29BN,0,0.3,451117,1191244,Yell WOA,DON,24,8,0,0.275,1925.95,93.05,84.5,1926,0,4,0
ZE29BS,0,0.466666667,451512,1190666,Yell WOA,DON,14,8,0,0.25,1963.333333,55.66666667,64,1963,0,2,0
ZE29BT,0,0.636363636,451727,1190714,Yell WOA,DON,10,8,0,0.2,1946.272727,72.72727273,44,1946,0,4,0
ZE29BX,0,1,451087,1191204,Yell WOA,DON,9,8,0,0.433333333,1978.727273,40.27272727,42,1979,0,3,0
ZE29BZ,0,1,453793,1204092,Yell WOA,DON,7,8,0,0.4,1976,43,43,1976,0,4,0
ZE29DA,0,0.333333333,451547,1192248,Yell WOA,DON,26,8,0,0.225,1941.111111,77.88888889,86,1941,0,4,0
ZE29DD,0,0.568181818,453360,1203768,Yell WOA,DON,53,8,0,0.233333333,1947.818182,71.18181818,43.5,1948,0,9,0
ZE29DE,0,0,453703,1203988,Yell WOA,DON,10,8,0,0.2,1953,66,66,1953,0,2,0
ZE29DG,0,0.2,452138,1197855,Yell WOA,DON,15,8,0,3,1917.9,101.1,111.5,1918,2,2,1
ZE29DJ,0,0.641025641,462755,1190782,Fetlar WOA,DON,31,8,0,0.922222222,1951.666667,67.33333333,44,1952,4,9,0.444444444
ZE29EL,0,0.6875,449170,1141584,Sandy Loch WOA,DON,30,8,0,0.2,1945.1875,73.8125,40,1945,0,3,0
ZE29EQ,0,0.142857143,461626,1213615,Unst WOA,DON,16,8,0,0.2,1897.214286,121.7857143,115.5,1897,0,5,0
ZE29NJ,0,0.588235294,432471,1144549,Eela Water WOA,DON,33,8,0,0.54,1934.147059,84.85294118,39.5,1934,1,5,0.2
ZE29NN,0,1,433376,1152242,Eela Water WOA,DON,20,8,0,0.2,1978.181818,40.81818182,45,1978,0,2,0
ZE29NY,0,1,431198,1144738,Eela Water WOA,DON,12,8,0,0.4,1975,44,44,1975,0,3,0
ZE29PL,0,0.666666667,419558,1157303,Eela Water WOA,DON,78,8,0,0.2,1964.981481,54.01851852,37,1965,0,7,0
ZE29PN,0,0.368421053,397074,1138793,Foula WOA,DON,20,8,0,0.72,1910.578947,108.4210526,105,1911,1,5,0.2
ZE29RE,0,0.846153846,433688,1169788,Eela Water WOA,DON,10,8,0,0.2,1972.923077,46.07692308,38,1973,0,1,0
ZE29RS,0,0.5,423424,1179683,Eela Water WOA,DON,31,8,0,0.3,1940.95,78.05,52,1941,0,5,0
ZE29RX,0,0.928571429,434301,1182411,Eela Water WOA,DON,18,8,0,0.2,1986.357143,32.64285714,24.5,1986,0,2,0
